Values,Density
-4.3823278207585865,2.4070857085334296e-7
-4.37808842264154,2.4467312209619507e-7
-4.373849024524495,2.526526450552513e-7
-4.369609626407449,2.647423349433353e-7
-4.365370228290403,2.8108581040520164e-7
-4.361130830173358,3.01876042468896e-7
-4.356891432056312,3.2735659297178366e-7
-4.352652033939266,3.578231554390854e-7
-4.34841263582222,3.9362540010801084e-7
-4.344173237705174,4.351691133830382e-7
-4.339933839588128,4.8291863027905e-7
-4.335694441471083,5.373995500823625e-7
-4.331455043354037,5.992017298450669e-7
-4.327215645236991,6.689825437777852e-7
-4.3229762471199455,7.474703991594556e-7
-4.3187368490028994,8.354684947475821e-7
-4.314497450885853,9.33858807672383e-7
-4.310258052768808,1.0436062898300236e-6
-4.306018654651762,1.1657632573991439e-6
-4.301779256534716,1.30147394708513e-6
-4.297539858417671,1.4519792178591118e-6
-4.293300460300625,1.618621368215667e-6
-4.2890610621835785,1.8028490383903417e-6
-4.284821664066532,2.006222163064564e-6
-4.280582265949487,2.2304169367826088e-6
-4.276342867832441,2.477230750752568e-6
-4.272103469715395,2.748587055317886e-6
-4.26786407159835,3.0465401001100734e-6
-4.263624673481304,3.373279498980475e-6
-4.259385275364258,3.7311345625068437e-6
-4.255145877247212,4.122578338983107e-6
-4.250906479130166,4.550231300137764e-6
-4.24666708101312,5.016864603693376e-6
-4.242427682896075,5.525402862435508e-6
-4.238188284779029,6.078926347148693e-6
-4.233948886661983,6.680672545945378e-6
-4.229709488544938,7.33403700314589e-6
-4.2254700904278915,8.042573355082259e-6
-4.221230692310845,8.809992484232415e-6
-4.2169912941938,9.640160706077348e-6
-4.212751896076754,1.0537096909127124e-5
-4.208512497959708,1.1504968563678334e-5
-4.204273099842663,1.2548086521014992e-5
-4.200033701725617,1.367089852358401e-5
-4.1957943036085705,1.487798135113203e-5
-4.191554905491525,1.617403153328237e-5
-4.187315507374479,1.756385456096925e-5
-4.183076109257433,1.9052352538295736e-5
-4.178836711140388,2.0644510222203247e-5
-4.174597313023342,2.2345379405887787e-5
-4.170357914906296,2.4160061611791257e-5
-4.1661185167892505,2.609368906923747e-5
-4.161879118672204,2.8151403965659665e-5
-4.157639720555158,3.0338335970941585e-5
-4.153400322438113,3.265957804891948e-5
-4.149160924321067,3.512016058568237e-5
-4.144921526204021,3.77250238776986e-5
-4.140682128086976,4.04789890421902e-5
-4.13644272996993,4.338672742622198e-5
-4.1322033318528835,4.645272861110786e-5
-4.127963933735838,4.968126712529691e-5
-4.123724535618792,5.3076367997602e-5
-4.119485137501746,5.664177130255705e-5
-4.115245739384701,6.0380895866019024e-5
-4.111006341267655,6.42968023188686e-5
-4.106766943150609,6.839215570420389e-5
-4.102527545033563,7.266918786035838e-5
-4.098288146916517,7.712965981852187e-5
-4.094048748799471,8.177482446923329e-5
-4.089809350682425,8.660538976520331e-5
-4.08556995256538,9.162148274142556e-5
-4.081330554448334,9.682261464258183e-5
-4.077091156331288,0.0001022076474589461
-4.0728517582142425,0.00010777476217465243
-4.068612360097196,0.00011352142904083725
-4.06437296198015,0.00011944438018372848
-4.060133563863105,0.00012553958485949854
-4.055894165746059,0.00013180222766222098
-4.051654767629013,0.00013822668998471604
-4.047415369511968,0.0001448065350223445
-4.043175971394922,0.0001515344965965994
-4.0389365732778755,0.00015840247205975693
-4.03469717516083,0.00016540151952131998
-4.030457777043784,0.00017252185961577713
-4.026218378926738,0.0001797528820060559
-4.021978980809693,0.0001870831567879084
-4.017739582692647,0.0001945004509298666
-4.013500184575601,0.0002019917498512101
-4.009260786458555,0.00020954328420215787
-4.005021388341509,0.00021714056187604157
-4.000781990224463,0.00022476840524026168
-3.9965425921074176,0.00023241099353434914
-3.992303193990372,0.00024005191034141664
-3.9880637958733263,0.0002476741959939535
-3.98382439775628,0.0002552604047361424
-3.9795849996392345,0.0002627926664183211
-3.975345601522189,0.00027025275245895833
-3.9711062034051428,0.00027762214576807203
-3.966866805288097,0.0002848821142853739
-3.9626274071710514,0.0002920137877490134
-3.9583880090540053,0.0002989982372765469
-3.9541486109369597,0.00030581655730302186
-3.9499092128199136,0.0003124499493965939
-3.945669814702868,0.00031887980744061935
-3.9414304165858223,0.00032508780365333404
-3.937191018468776,0.0003310559748940185
-3.9329516203517305,0.0003367668086940506
-3.928712222234685,0.000342203328439304
-3.9244728241176388,0.00034734917712857445
-3.920233426000593,0.00035218869913179675
-3.9159940278835474,0.00035670701937710707
-3.9117546297665013,0.00036089011940897576
-3.9075152316494557,0.00036472490977281424
-3.90327583353241,0.0003681992982042617
-3.899036435415364,0.00037130225312627645
-3.8947970372983183,0.0003740238619872587
-3.8905576391812726,0.00037635538400932096
-3.8863182410642265,0.00037828929695306237
-3.882078842947181,0.00037981933754950657
-3.877839444830135,0.0003809405352948013
-3.873600046713089,0.00038164923935215395
-3.8693606485960435,0.0003819431383578027
-3.865121250478998,0.0003818212729803424
-3.8608818523619517,0.00038128404113820305
-3.856642454244906,0.00038033319583457084
-3.85240305612786,0.0003789718356280846
-3.8481636580108143,0.00037720438780976945
-3.8439242598937686,0.000375036584415395
-3.8396848617767225,0.0003724754312552682
-3.835445463659677,0.00036952917019390536
-3.831206065542631,0.00036620723496635227
-3.826966667425585,0.0003625202008604488
-3.8227272693085395,0.0003584797286421272
-3.818487871191494,0.00035409850313803184
-3.8142484730744477,0.00034939016693095407
-3.810009074957402,0.0003443692496487411
-3.8057696768403564,0.00033905109336330476
-3.8015302787233103,0.0003334517746319084
-3.7972908806062646,0.00032758802373583775
-3.793051482489219,0.0003214771416816491
-3.788812084372173,0.00031513691554036676
-3.784572686255127,0.00030858553270013867
-3.7803332881380816,0.0003018414946074858
-3.7760938900210355,0.00029492353056565727
-3.77185449190399,0.00028785051214359715
-3.7676150937869437,0.00028064136873695794
-3.763375695669898,0.000273315004797995
-3.7591362975528524,0.000265890219228555
-3.7548968994358063,0.0002583856274022446
-3.7506575013187606,0.0002508195862485456
-3.746418103201715,0.00024321012279885246
-3.742178705084669,0.0002355748665569049
-3.737939306967623,0.0002279309860157867
-3.7336999088505776,0.00022029512960555601
-3.7294605107335315,0.00021268337131114326
-3.725221112616486,0.00020511116115850582
-3.72098171449944,0.00019759328072578575
-3.716742316382394,0.00019014380378929406
-3.7125029182653484,0.00018277606217736303
-3.7082635201483027,0.00017550261685845593
-3.7040241220312566,0.0001683352342539005
-3.699784723914211,0.0001612848677246398
-3.6955453257971653,0.00015436164414630096
-3.6913059276801192,0.00014757485545156823
-3.6870665295630736,0.00014093295498832136
-3.682827131446028,0.0001344435585105058
-3.678587733328982,0.00012811344959575018
-3.674348335211936,0.00012194858925584874
-3.67010893709489,0.0001159541294907182
-3.6658695389778444,0.00011013443051473932
-3.6616301408607987,0.0001044930813737582
-3.6573907427437526,9.903292365662621e-5
-3.653151344626707,9.375607800101143e-5
-3.6489119465096613,8.866397308498336e-5
-3.6446725483926152,8.375737679504423e-5
-3.6404331502755696,7.903642926237065e-5
-3.636193752158524,7.450067746228757e-5
-3.631954354041478,7.014911107621445e-5
-3.627714955924432,6.59801993262302e-5
-3.6234755578073865,6.199192849945176e-5
-3.6192361596903404,5.818183989384634e-5
-3.6149967615732947,5.454706792883991e-5
-3.610757363456249,5.108437818058392e-5
-3.606517965339203,4.7790205116677795e-5
-3.6022785672221573,4.466068932283164e-5
-3.5980391691051117,4.169171403264546e-5
-3.5937997709880656,3.88789407883422e-5
-3.58956037287102,3.6217844080348865e-5
-3.5853209747539743,3.370374483194043e-5
-3.581081576636928,3.133184261453967e-5
-3.5768421785198825,2.9097246496715898e-5
-3.5726027804028364,2.699500444883554e-5
-3.5683633822857908,2.5020131243026593e-5
-3.564123984168745,2.316763480397343e-5
-3.559884586051699,2.1432540983528422e-5
-3.5556451879346533,1.9809916745886207e-5
-3.5514057898176077,1.829489176557314e-5
-3.5471663917005616,1.6882678451865182e-5
-3.542926993583516,1.55685904280169e-5
-3.5386875954664703,1.4348059500394052e-5
-3.534448197349424,1.3216651166797109e-5
-3.5302087992323785,1.217007871810998e-5
-3.525969401115333,1.1204215996202596e-5
-3.5217300029982868,1.0315108876694443e-5
-3.517490604881241,9.498985550481648e-6
-3.5132512067641954,8.752265680308808e-6
-3.5090118086471493,8.071568512135925e-6
-3.5047724105301037,7.45372002295807e-6
-3.500533012413058,6.895759185100887e-6
-3.496293614296012,6.394943429161026e-6
-3.4920542161789663,5.948753383352642e-6
-3.4878148180619206,5.5548969672752566e-6
-3.4835754199448745,5.211312912324281e-6
-3.479336021827829,4.916173779834047e-6
-3.4750966237107828,4.6678885403730885e-6
-3.470857225593737,4.465104774998077e-6
-3.4666178274766914,4.306710551668647e-6
-3.4623784293596453,4.191836025114332e-6
-3.4581390312425997,4.1198548011885106e-6
-3.453899633125554,4.090385098770577e-6
-3.449660235008508,4.103290738372706e-6
-3.4454208368914623,4.158681974236397e-6
-3.4411814387744166,4.2569161849137505e-6
-3.4369420406573705,4.398598424496664e-6
-3.432702642540325,4.584581832165098e-6
-3.428463244423279,4.815967891348694e-6
-3.424223846306233,5.094106517809956e-6
-3.4199844481891875,5.420595954402918e-6
-3.415745050072142,5.79728243988234e-6
-3.4115056519550957,6.226259614329401e-6
-3.40726625383805,6.7098676169718985e-6
-3.4030268557210044,7.250691827012656e-6
-3.3987874576039583,7.851561193903973e-6
-3.3945480594869126,8.515546097227506e-6
-3.3903086613698665,9.2459556754001e-6
-3.386069263252821,1.0046334555452452e-5
-3.381829865135775,1.0920458919841782e-5
-3.377590467018729,1.1872331838561415e-5
-3.3733510689016835,1.2906177798548482e-5
-3.369111670784638,1.4026436361937351e-5
-3.3648722726675917,1.5237754885149592e-5
-3.360632874550546,1.654498023424822e-5
-3.3563934764335004,1.7953149434970714e-5
-3.3521540783164543,1.946747920076458e-5
-3.3479146801994086,2.1093354287115944e-5
-3.343675282082363,2.2836314626991164e-5
-3.339435883965317,2.4702041211176543e-5
-3.335196485848271,2.669634068367538e-5
-3.3309570877312256,2.882512863342304e-5
-3.3267176896141795,3.1094411574901504e-5
-3.322478291497134,3.351026761869852e-5
-3.318238893380088,3.6078825849175655e-5
-3.313999495263042,3.8806244435229606e-5
-3.3097600971459964,4.169868751781672e-5
-3.3055206990289507,4.4762300928391854e-5
-3.3012813009119046,4.8003186809935164e-5
-3.297041902794859,5.1427377223667986e-5
-3.292802504677813,5.504080684392979e-5
-3.2885631065607672,5.884928485277866e-5
-3.2843237084437216,6.285846616624471e-5
-3.2800843103266755,6.707382213409405e-5
-3.27584491220963,7.150061087045524e-5
-3.271605514092584,7.614384738613352e-5
-3.267366115975538,8.100827370320369e-5
-3.2631267178584924,8.609832914588324e-5
-3.2588873197414467,9.141812100910303e-5
-3.2546479216244006,9.697139581575753e-5
-3.250408523507355,0.00010276151137864531
-3.2461691253903093,0.00010879140988927482
-3.2419297272732632,0.00011506359225650734
-3.2376903291562176,0.00012158009391971902
-3.233450931039172,0.00012834246235972688
-3.229211532922126,0.0001353517365246002
-3.22497213480508,0.00014260842838425498
-3.2207327366880345,0.00015011250681644657
-3.2164933385709884,0.00015786338401573607
-3.2122539404539427,0.0001658599046054198
-3.208014542336897,0.00017410033761370243
-3.203775144219851,0.00018258237145896781
-3.1995357461028053,0.00019130311206786118
-3.1952963479857592,0.00020025908422705696
-3.1910569498687136,0.0002094462362464238
-3.186817551751668,0.0002188599479838047
-3.182578153634622,0.00022849504225539005
-3.178338755517576,0.00023834579962647907
-3.1740993574005305,0.00024840597654813765
-3.1698599592834844,0.0002586688267762221
-3.1656205611664388,0.000269127125977131
-3.161381163049393,0.0002797731993970541
-3.157141764932347,0.0002905989524404286
-3.1529023668153013,0.00030159590397548213
-3.1486629686982557,0.00031275522215674966
-3.1444235705812096,0.00032406776253067135
-3.140184172464164,0.0003355241081637651
-3.1359447743471183,0.00034711461151517415
-3.131705376230072,0.0003588294377525128
-3.1274659781130265,0.0003706586091998909
-3.123226579995981,0.00038259205058802396
-3.1189871818789348,0.00039461963477425066
-3.114747783761889,0.0004067312285889399
-3.1105083856448434,0.0004189167384690438
-3.1062689875277973,0.0004311661555379664
-3.1020295894107517,0.00044346959979997373
-3.0977901912937056,0.0004558173631279581
-3.09355079317666,0.0004681999507373377
-3.0893113950596143,0.0004806081208586291
-3.085071996942568,0.0004930329223426944
-3.0808325988255225,0.0005054657299601167
-3.076593200708477,0.0005178982771833814
-3.0723538025914308,0.0005303226862746046
-3.068114404474385,0.0005427314955361081
-3.0638750063573394,0.0005551176836162339
-3.0596356082402933,0.0005674746908039506
-3.0553962101232477,0.0005797964372848477
-3.051156812006202,0.0005920773383699743
-3.046917413889156,0.0006043123167528419
-3.0426780157721103,0.0006164968118869355
-3.0384386176550646,0.0006286267866183921
-3.0341992195380185,0.0006406987312438436
-3.029959821420973,0.0006527096652012756
-3.025720423303927,0.0006646571366325281
-3.021481025186881,0.000676539220089149
-3.0172416270698355,0.0006883545126757326
-3.0130022289527894,0.0007001021289516529
-3.0087628308357437,0.0007117816949252023
-3.004523432718698,0.0007233933414916656
-3.000284034601652,0.0007349376976717335
-2.9960446364846063,0.0007464158840097902
-2.9918052383675606,0.0007578295064913855
-2.9875658402505145,0.0007691806513268937
-2.983326442133469,0.0007804718809382214
-2.979087044016423,0.0007917062314639015
-2.974847645899377,0.0008028872120751547
-2.9706082477823315,0.0008140188063647555
-2.966368849665286,0.0008251054760371841
-2.9621294515482397,0.0008361521670897007
-2.957890053431194,0.0008471643186318501
-2.9536506553141484,0.0008581478744449991
-2.9494112571971023,0.000869109297334825
-2.9451718590800566,0.000880055586279454
-2.940932460963011,0.0008909942963227242
-2.936693062845965,0.0009019335611102396
-2.932453664728919,0.0009128821179109764
-2.9282142666118736,0.0009238493349161886
-2.9239748684948275,0.0009348452405544168
-2.919735470377782,0.0009458805545136985
-2.9154960722607357,0.0009569667201139928
-2.91125667414369,0.0009681159376305377
-2.9070172760266444,0.000979341198130191
-2.9027778779095983,0.0009906563173470908
-2.8985384797925526,0.00100207596909695
-2.894299081675507,0.0010136157177038363
-2.890059683558461,0.0010252920488970875
-2.8858202854414152,0.0010371223986268413
-2.8815808873243696,0.0010491251792393713
-2.8773414892073235,0.0010613198024597495
-2.873102091090278,0.001073726698638432
-2.868862692973232,0.0010863673317345274
-2.864623294856186,0.0010992642095352442
-2.8603838967391404,0.0011124408886387075
-2.8561444986220947,0.0011259219737693275
-2.8519051005050486,0.0011397331110341515
-2.847665702388003,0.0011539009747819186
-2.8434263042709573,0.0011684532477789912
-2.8391869061539112,0.0011834185944786847
-2.8349475080368656,0.00119882662722055
-2.83070810991982,0.0012147078652670782
-2.826468711802774,0.001231093686651824
-2.822229313685728,0.0012480162728873783
-2.817989915568682,0.0012655085466510689
-2.8137505174516364,0.0012836041026423424
-2.8095111193345907,0.001302337131875077
-2.8052717212175446,0.0013217423397413673
-2.801032323100499,0.0013418548582490777
-2.7967929249834533,0.001362710152903398
-2.7925535268664072,0.001384343924763329
-2.7883141287493616,0.001406792008258979
-2.784074730632316,0.001430090265412155
-2.77983533251527,0.0014542744771436295
-2.775595934398224,0.001479380232393291
-2.7713565362811785,0.0015054428158118392
-2.7671171381641324,0.0015324970948081794
-2.7628777400470867,0.0015605774067545593
-2.758638341930041,0.0015897174471636577
-2.754398943812995,0.001619950159652996
-2.7501595456959493,0.0016513076285095346
-2.7459201475789037,0.001683820974652148
-2.7416807494618576,0.0017175202557727877
-2.737441351344812,0.0017524343714068118
-2.7332019532277663,0.0017885909736522435
-2.72896255511072,0.0018260163842136285
-2.7247231569936745,0.0018647355184026426
-2.7204837588766284,0.0019047718166736967
-2.7162443607595828,0.0019461471842165063
-2.712004962642537,0.0019888819390671757
-2.707765564525491,0.0020329947691334646
-2.7035261664084453,0.0020785026984651692
-2.6992867682913997,0.0021254210630282685
-2.6950473701743536,0.0021737634961744978
-2.690807972057308,0.002223541923924724
-2.6865685739402623,0.0022747665701156644
-2.682329175823216,0.002327445971389361
-2.6780897777061705,0.0023815870019378666
-2.673850379589125,0.0024371949078494126
-2.6696109814720788,0.002494273350841477
-2.665371583355033,0.0025528244611062786
-2.6611321852379874,0.002612848898940536
-2.6568927871209413,0.0026743459247807796
-2.6526533890038957,0.0027373134772193056
-2.64841399088685,0.002801748258537442
-2.644174592769804,0.002867645827255712
-2.6399351946527583,0.002935000697170948
-2.635695796535712,0.003003806442326529
-2.6314563984186665,0.003074055807341291
-2.627217000301621,0.003145740822509982
-2.6229776021845748,0.00321885292307526
-2.618738204067529,0.0032933830720705925
-2.6144988059504835,0.0033693218861283155
-2.6102594078334374,0.0034466597636526397
-2.6060200097163917,0.0035253870147617895
-2.601780611599346,0.0036054939924138993
-2.5975412134823,0.0036869712241412948
-2.5933018153652543,0.003769809543831104
-2.5890624172482086,0.003854000223004472
-2.5848230191311625,0.00393953510106223
-2.580583621014117,0.00402640671397895
-2.576344222897071,0.0041146084209425894
-2.572104824780025,0.0042041345284523
-2.5678654266629795,0.004294980411398974
-2.563626028545934,0.004387142630666116
-2.5593866304288877,0.004480619046797708
-2.555147232311842,0.004575408929290156
-2.5509078341947964,0.0046715130610711225
-2.5466684360777503,0.004768933837731889
-2.5424290379607046,0.004867675361086519
-2.5381896398436585,0.0049677435266284025
-2.533950241726613,0.005069146104457542
-2.529710843609567,0.005171892813250873
-2.525471445492521,0.005275995386844504
-2.5212320473754755,0.0053814676329978495
-2.51699264925843,0.005488325483904457
-2.5127532511413837,0.005596587038017965
-2.508513853024338,0.005706272592758379
-2.5042744549072924,0.005817404667670912
-2.5000350567902463,0.005930008017611652
-2.4957956586732006,0.00604410963554799
-2.491556260556155,0.00615973874457205
-2.487316862439109,0.006276926778745315
-2.483077464322063,0.006395707352417157
-2.4788380662050176,0.006516116217688845
-2.4745986680879715,0.006638191209730601
-2.470359269970926,0.006761972179704664
-2.46611987185388,0.006887500915095026
-2.461880473736834,0.0070148210473028605
-2.4576410756197884,0.007143977946433295
-2.4534016775027427,0.0072750186032683635
-2.4491622793856966,0.007407991498503427
-2.444922881268651,0.007542946459408493
-2.440683483151605,0.007679934504169214
-2.4364440850345592,0.007819007674260916
-2.4322046869175136,0.007960218855312156
-2.4279652888004675,0.008103621587021322
-2.423725890683422,0.008249269862801879
-2.419486492566376,0.008397217919943035
-2.41524709444933,0.00854752002118808
-2.4110076963322844,0.008700230228743916
-2.4067682982152387,0.00885540217184904
-2.4025289000981926,0.009013088809134151
-2.398289501981147,0.009173342187112632
-2.3940501038641013,0.009336213196237788
-2.3898107057470552,0.00950175132605089
-2.3855713076300096,0.009670004421027117
-2.381331909512964,0.009841018438793746
-2.377092511395918,0.010014837212455887
-2.372853113278872,0.010191502218808556
-2.3686137151618265,0.010371052354242996
-2.3643743170447804,0.010553523720173335
-2.3601349189277347,0.010738949419804841
-2.355895520810689,0.010927359368049365
-2.351656122693643,0.011118780116355174
-2.3474167245765973,0.011313234694165408
-2.3431773264595512,0.011510742468646886
-2.3389379283425056,0.011711319024238737
-2.33469853022546,0.011914976063463601
-2.330459132108414,0.01212172133031641
-2.326219733991368,0.012331558557402533
-2.3219803358743225,0.012544487437839058
-2.3177409377572764,0.012760503622756611
-2.3135015396402308,0.012979598745054267
-2.309262141523185,0.013201760469857044
-2.305022743406139,0.013426972571917333
-2.3007833452890933,0.013655215039981154
-2.2965439471720477,0.013886464207915129
-2.2923045490550016,0.0141206929121581
-2.288065150937956,0.014357870674829921
-2.2838257528209103,0.01459796391159526
-2.279586354703864,0.014840936163149049
-2.2753469565868185,0.015086748348963518
-2.271107558469773,0.015335359041716602
-2.2668681603527268,0.01558672476060945
-2.262628762235681,0.01584080028157981
-2.258389364118635,0.016097538962233617
-2.2541499660015893,0.016356893079142905
-2.2499105678845437,0.016618814175005884
-2.2456711697674976,0.016883253413028355
-2.241431771650452,0.017150161935774056
-2.2371923735334063,0.017419491225636772
-2.23295297541636,0.0176911934640204
-2.2287135772993145,0.01796522188626877
-2.224474179182269,0.018241531129368927
-2.2202347810652228,0.01852007756945846
-2.215995382948177,0.018800819646201346
-2.2117559848311314,0.019083718171157907
-2.2075165867140853,0.01936873661735973
-2.2032771885970397,0.019655841387413248
-2.199037790479994,0.019945002057594155
-2.194798392362948,0.020236191595555203
-2.1905589942459023,0.020529386549457934
-2.1863195961288566,0.020824567206543118
-2.1820801980118105,0.02112171771938684
-2.177840799894765,0.021420826198332285
-2.173601401777719,0.021721884768853797
-2.169362003660673,0.022024889592888106
-2.1651226055436275,0.02232984085345957
-2.1608832074265814,0.022636742702227777
-2.1566438093095357,0.022945603169898313
-2.15240441119249,0.023256434039751098
-2.148165013075444,0.023569250684862167
-2.1439256149583983,0.02388407186991355
-2.1396862168413526,0.024200919518802516
-2.1354468187243065,0.024519818449576042
-2.131207420607261,0.024840796078519925
-2.126968022490215,0.025163882095527723
-2.122728624373169,0.025489108113157632
-2.1184892262561235,0.025816507292051788
-2.114249828139078,0.026146113945643673
-2.1100104300220317,0.026477963127307755
-2.105771031904986,0.0268120902033145
-2.1015316337879404,0.027148530415138053
-2.0972922356708943,0.027487318434819913
-2.0930528375538486,0.02782848791722438
-2.088813439436803,0.02817207105312068
-2.084574041319757,0.02851809812709756
-2.080334643202711,0.028866597084354115
-2.0760952450856656,0.02921759311041704
-2.0718558469686195,0.02957110822780557
-2.067616448851574,0.029927160913604516
-2.0633770507345277,0.03028576574180998
-2.059137652617482,0.03064693305418251
-2.0548982545004364,0.03101066866317856
-2.0506588563833903,0.03137697359033587
-2.0464194582663446,0.03174584384325784
-2.042180060149299,0.032117270234084686
-2.037940662032253,0.03249123824204737
-2.0337012639152072,0.03286772792238495
-2.0294618657981616,0.03324671386356237
-2.0252224676811155,0.03362816519435931
-2.02098306956407,0.03401204564201228
-2.016743671447024,0.0343983136421878
-2.012504273329978,0.03478692250114174
-2.0082648752129324,0.035177820609987004
-2.0040254770958867,0.03557095171055002
-1.9997860789788406,0.03596625521184956
-1.995546680861795,0.036363666555782645
-1.991307282744749,0.03676311763015518
-1.9870678846277032,0.03716453722675859
-1.9828284865106576,0.037567851541761135
-1.9785890883936117,0.03797298471527055
-1.9743496902765658,0.038379859406526134
-1.9701102921595202,0.03878839740080735
-1.9658708940424743,0.03919852024379558
-1.9616314959254284,0.039610149898809344
-1.9573920978083827,0.04002320942204869
-1.9531526996913369,0.040437623650737095
-1.948913301574291,0.040853319898840466
-1.9446739034572451,0.04127022865487803
-1.9404345053401995,0.04168828427622007
-1.9361951072231536,0.042107425674192685
-1.9319557091061077,0.04252759698428555
-1.927716310989062,0.04294874821578413
-1.9234769128720162,0.04337083587522297
-1.9192375147549703,0.04379382355818223
-1.9149981166379246,0.044217682504129406
-1.9107587185208788,0.04464239210923239
-1.9065193204038329,0.04506794039234858
-1.902279922286787,0.04549432440971691
-1.8980405241697413,0.04592155061424751
-1.8938011260526955,0.04634963515571547
-1.8895617279356496,0.046778604118613606
-1.885322329818604,0.04720849369490496
-1.881082931701558,0.047639350289432704
-1.8768435335845122,0.04807123055628794
-1.8726041354674665,0.04850420136500447
-1.8683647373504206,0.048938339696030786
-1.8641253392333748,0.04937373246552829
-1.859885941116329,0.049810476280146176
-1.8556465429992832,0.05024867712302694
-1.8514071448822373,0.050688449972898425
-1.8471677467651915,0.05112991835869465
-1.8429283486481458,0.05157321385272425
-1.8386889505311,0.05201847550595446
-1.834449552414054,0.052465849229506395
-1.8302101542970084,0.052915487126950066
-1.8259707561799625,0.05336754678244204
-1.8217313580629166,0.05382219051016714
-1.817491959945871,0.05427958457091099
-1.813252561828825,0.05473989836191287
-1.8090131637117792,0.05520330358641287
-1.8047737655947333,0.05566997340952033
-1.8005343674776877,0.056140081607182285
-1.7962949693606418,0.05661380171512514
-1.792055571243596,0.05709130618467479
-1.7878161731265503,0.05757276555233183
-1.7835767750095044,0.05805834762988974
-1.7793373768924585,0.05854821672172961
-1.7750979787754129,0.05904253287571923
-1.770858580658367,0.05954145117387277
-1.766619182541321,0.06004512106860568
-1.7623797844242752,0.06055368577004232
-1.7581403863072296,0.06106728168941065
-1.7539009881901837,0.06158603794308626
-1.7496615900731378,0.062110075921338465
-1.7454221919560922,0.06263950892528224
-1.7411827938390463,0.0631744418749627
-1.7369433957220004,0.06371497109089315
-1.7327039976049547,0.06426118415074142
-1.7284645994879089,0.06481315982222204
-1.724225201370863,0.0653709680725987
-1.7199858032538173,0.06593467015455116
-1.7157464051367715,0.06650431876751031
-1.7115070070197256,0.06707995829292202
-1.7072676089026797,0.06766162510127449
-1.703028210785634,0.06824934792811249
-1.6987888126685882,0.0688431483156812
-1.6945494145515423,0.06944304111628519
-1.6903100164344966,0.07004903505293125
-1.6860706183174508,0.07066113333233953
-1.6818312202004049,0.07127933430497255
-1.6775918220833592,0.0719036321663376
-1.6733524239663133,0.07253401769347508
-1.6691130258492675,0.07317047901025733
-1.6648736277322216,0.07381300237488356
-1.660634229615176,0.07446157298277685
-1.65639483149813,0.07511617577796725
-1.6521554333810842,0.07577679626597639
-1.6479160352640385,0.07644342132121462
-1.6436766371469926,0.07711603998194701
-1.6394372390299468,0.0777946442259948
-1.635197840912901,0.07847922972049687
-1.6309584427958552,0.07916979653927164
-1.6267190446788093,0.07986634984158583
-1.6224796465617635,0.08056890050644969
-1.6182402484447178,0.08127746571691827
-1.614000850327672,0.08199206948927981
-1.609761452210626,0.08271274314245161
-1.6055220540935804,0.08343952570337689
-1.6012826559765345,0.08417246424472094
-1.5970432578594886,0.08491161415169322
-1.592803859742443,0.08565703931537073
-1.588564461625397,0.08640881225046537
-1.5843250635083512,0.08716701413605273
-1.5800856653913056,0.08793173477836455
-1.5758462672742597,0.08870307249532931
-1.5716068691572138,0.08948113392312818
-1.567367471040168,0.09026603374560349
-1.5631280729231223,0.09105789434791907
-1.5588886748060764,0.0918568453964127
-1.5546492766890305,0.09266302334710197
-1.5504098785719849,0.09347657088580105
-1.546170480454939,0.09429763630327229
-1.541931082337893,0.09512637280927098
-1.5376916842208475,0.09596293778973956
-1.5334522861038016,0.09680749201177118
-1.5292128879867557,0.09766019878127953
-1.5249734898697098,0.09852122305859533
-1.5207340917526642,0.09939073053744091
-1.5164946936356183,0.10026888669292931
-1.5122552955185724,0.10115585580437819
-1.5080158974015268,0.10205179995883118
-1.5037764992844809,0.10295687804123642
-1.499537101167435,0.10387124471724421
-1.4952977030503893,0.1047950494145565
-1.4910583049333435,0.10572843530868932
-1.4868189068162976,0.10667153831890004
-1.482579508699252,0.10762448611988337
-1.478340110582206,0.1085873971746588
-1.4741007124651602,0.10956037979385905
-1.4698613143481143,0.11054353122638656
-1.4656219162310686,0.11153693678614045
-1.4613825181140228,0.1125406690192246
-1.4571431199969769,0.11355478691574368
-1.4529037218799312,0.11457933516997024
-1.4486643237628853,0.11561434349233521
-1.4444249256458395,0.11665982597635315
-1.4401855275287938,0.11771578052325182
-1.435946129411748,0.11878218832673076
-1.431706731294702,0.11985901341993273
-1.4274673331776562,0.12094620228637942
-1.4232279350606105,0.12204368353629519
-1.4189885369435646,0.12315136764942954
-1.4147491388265188,0.12426914678519053
-1.410509740709473,0.12539689466061557
-1.4062703425924272,0.12653446649644104
-1.4020309444753813,0.12768169903128396
-1.3977915463583357,0.12883841060372267
-1.3935521482412898,0.13000440130185414
-1.389312750124244,0.13117945317972005
-1.385073352007198,0.1323633305398259
-1.3808339538901524,0.13355578028083084
-1.3765945557731065,0.13475653230935536
-1.3723551576560606,0.1359653000147434
-1.368115759539015,0.13718178080551768
-1.363876361421969,0.13840565670618485
-1.3596369633049232,0.1396365950129741
-1.3553975651878776,0.1408742490070299
-1.3511581670708317,0.14211825872352454
-1.3469187689537858,0.14336825177509832
-1.3426793708367402,0.14462384422798877
-1.3384399727196943,0.14588464152915057
-1.3342005746026484,0.1471502394826106
-1.3299611764856025,0.1484202252732375
-1.3257217783685569,0.1496941785360245
-1.321482380251511,0.1509716724688998
-1.3172429821344651,0.15225227498697225
-1.3130035840174195,0.1535355499160022
-1.3087641859003736,0.15482105822275008
-1.3045247877833277,0.15610835927969838
-1.300285389666282,0.1573970121614694
-1.2960459915492362,0.15868657697006286
-1.2918065934321903,0.1599766161858257
-1.2875671953151444,0.1612666960408302
-1.2833277971980988,0.16255638791108543
-1.2790883990810529,0.16384526972374075
-1.274849000964007,0.16513292737515498
-1.2706096028469613,0.16641895615541336
-1.2663702047299155,0.16770296217457126
-1.2621308066128696,0.1689845637855972
-1.257891408495824,0.1702633929986763
-1.253652010378778,0.1715390968812343
-1.2494126122617322,0.17281133893773895
-1.2451732141446863,0.17407980046305319
-1.2409338160276406,0.1753441818628447
-1.2366944179105948,0.17660420393430956
-1.2324550197935489,0.17785960910024984
-1.2282156216765032,0.17911016258935883
-1.2239762235594573,0.1803556535554201
-1.2197368254424115,0.18159589612802074
-1.2154974273253658,0.18283073038732411
-1.21125802920832,0.18406002325544096
-1.207018631091274,0.18528366929699147
-1.2027792329742284,0.1865015914215633
-1.1985398348571825,0.18771374148094605
-1.1943004367401366,0.18892010075426663
-1.1900610386230908,0.19012068031446167
-1.185821640506045,0.19131552126990395
-1.1815822423889992,0.19250469487545363
-1.1773428442719533,0.19368830250772787
-1.1731034461549077,0.1948664754999779
-1.1688640480378618,0.1960393748326241
-1.164624649920816,0.19720719067622938
-1.1603852518037703,0.19837014178448548
-1.1561458536867244,0.19952847473563637
-1.1519064555696785,0.2006824630216716
-1.1476670574526326,0.20183240598557872
-1.143427659335587,0.20297862760794066
-1.139188261218541,0.20412147514520163
-1.1349488631014952,0.2052613176229859
-1.1307094649844496,0.20639854418893794
-1.1264700668674037,0.20753356233064707
-1.1222306687503578,0.2086667959653162
-1.1179912706333122,0.2097986834089225
-1.1137518725162663,0.2109296752336912
-1.1095124743992204,0.2120602320237456
-1.1052730762821747,0.21319082203980555
-1.1010336781651289,0.21432191880476162
-1.096794280048083,0.21545399862285702
-1.0925548819310371,0.21658753804603717
-1.0883154838139915,0.2177230113017841
-1.0840760856969456,0.21886088769742162
-1.0798366875798997,0.2200016290164466
-1.075597289462854,0.22114568692291187
-1.0713578913458082,0.22229350039024434
-1.0671184932287623,0.22344549317112045
-1.0628790951117166,0.2246020713251363
-1.0586396969946708,0.2257636208210004
-1.0544002988776249,0.22693050522983035
-1.050160900760579,0.22810306352585646
-1.0459215026435333,0.2292816080104218
-1.0416821045264875,0.23046642237461396
-1.0374427064094416,0.2316577599151819
-1.033203308292396,0.23285584191756523
-1.02896391017535,0.2340608562189203
-1.0247245120583042,0.23527295596294903
-1.0204851139412585,0.23649225855714506
-1.0162457158242126,0.23771884484176872
-1.0120063177071668,0.23895275847845504
-1.0077669195901209,0.24019400556485831
-1.0035275214730752,0.24144255448015803
-0.9992881233560293,0.24269833596459534
-0.9950487252389836,0.2439612434345036
-0.9908093271219377,0.24523113353254203
-0.9865699290048919,0.2465078269110586
-0.9823305308878462,0.24779110924471376
-0.9780911327708003,0.2490807324667013
-0.9738517346537545,0.2503764162211226
-0.9696123365367086,0.2516778495223302
-0.9653729384196629,0.2529846926103569
-0.9611335403026171,0.25429657898992025
-0.9568941421855712,0.2556131176389425
-0.9526547440685255,0.2569338953710741
-0.9484153459514796,0.2582584793353681
-0.9441759478344338,0.2595864196350394
-0.939936549717388,0.2609172520461617
-0.9356971516003422,0.26225050081623297
-0.9314577534832964,0.2635856815217737
-0.9272183553662505,0.2649223039635253
-0.9229789572492048,0.2662598750774046
-0.918739559132159,0.26759790183913795
-0.9145001610151131,0.2689358941404576
-0.9102607628980673,0.27027336761489884
-0.9060213647810216,0.2716098463915802
-0.9017819666639757,0.27294486575589466
-0.8975425685469299,0.2742779746967661
-0.893303170429884,0.2756087383210489
-0.8890637723128383,0.2769367401167445
-0.8848243741957925,0.27826158404797957
-0.8805849760787466,0.27958289646612267
-0.8763455779617009,0.2809003278229974
-0.872106179844655,0.28221355417386723
-0.8678667817276092,0.2835222784597083
-0.8636273836105635,0.28482623156022313
-0.8593879854935176,0.2861251731110855
-0.8551485873764718,0.28741889208099575
-0.8509091892594259,0.28870720710627545
-0.8466697911423802,0.28998996658289866
-0.8424303930253344,0.29126704851803453
-0.8381909949082885,0.2925383601453399
-0.8339515967912428,0.2938038373103609
-0.8297121986741969,0.29506344363447423
-0.8254728005571511,0.2963171694677818
-0.8212334024401053,0.29756503064326184
-0.8169940043230595,0.29880706704625054
-0.8127546062060137,0.3000433410149563
-0.8085152080889678,0.3012739355891906
-0.804275809971922,0.30249895262580534
-0.8000364118548763,0.30371851080045076
-0.7957970137378304,0.3049327435162021
-0.7915576156207846,0.30614179674032016
-0.7873182175037389,0.3073458267909284
-0.783078819386693,0.30854499809567887
-0.7788394212696472,0.3097394809445495
-0.7746000231526013,0.310929449258765
-0.7703606250355556,0.3121150783974588
-0.7661212269185098,0.31329654302310544
-0.7618818288014639,0.3144740150459504
-0.7576424306844182,0.3156476616666612
-0.7534030325673723,0.31681764353523323
-0.7491636344503265,0.31798411304280916
-0.7449242363332808,0.3191472127615361
-0.7406848382162349,0.32030707404590836
-0.7364454400991891,0.3214638158072307
-0.7322060419821432,0.32261754347092747
-0.7279666438650975,0.3237683481244142
-0.7237272457480517,0.3249163058611908
-0.7194878476310058,0.3260614773247015
-0.71524844951396,0.32720390745338157
-0.7110090513969142,0.32834362542619594
-0.7067696532798684,0.3294806448058719
-0.7025302551628226,0.330614963874996
-0.6982908570457768,0.3317465661581696
-0.694051458928731,0.33287542112154633
-0.6898120608116851,0.334001485039313
-0.6855726626946393,0.33512470201504685
-0.6813332645775936,0.3362450051444069
-0.6770938664605477,0.33736231780429804
-0.6728544683435019,0.3384765550525172
-0.6686150702264562,0.3395876251209382
-0.6643756721094103,0.34069543098454336
-0.6601362739923645,0.3417998719880624
-0.6558968758753186,0.3429008455116395
-0.6516574777582729,0.3439982486568143
-0.6474180796412271,0.3450919799341781
-0.6431786815241812,0.34618194093434457
-0.6389392834071355,0.3472680379643437
-0.6346998852900896,0.3483501836322142
-0.6304604871730438,0.3494282983634058
-0.626221089055998,0.35050231183360714
-0.6219816909389522,0.3515721643037727
-0.6177422928219064,0.35263780784440674
-0.6135028947048605,0.35369920743757366
-0.6092634965878148,0.35475634194660355
-0.605024098470769,0.35580920494504864
-0.6007847003537231,0.3568578053980842
-0.5965453022366773,0.35790216819123066
-0.5923059041196315,0.35894233450296575
-0.5880665060025857,0.3599783620194896
-0.5838271078855399,0.3610103249915771
-0.579587709768494,0.36203831413507304
-0.5753483116514483,0.36306243637815244
-0.5711089135344024,0.36408281445995505
-0.5668695154173566,0.3650995863865883
-0.5626301173003109,0.36611290475177954
-0.558390719183265,0.3671229359306126
-0.5541513210662192,0.3681298591558128
-0.5499119229491733,0.3691338654869262
-0.5456725248321276,0.370135156683478
-0.5414331267150818,0.371133943993773
-0.5371937285980359,0.37213044687143476
-0.5329543304809902,0.37312489163204526
-0.5287149323639444,0.37411751006236704
-0.5244755342468985,0.37510853799459865
-0.5202361361298528,0.3760982138579296
-0.5159967380128069,0.37708677721935396
-0.5117573398957611,0.3780744673252517
-0.5075179417787153,0.3790615216546882
-0.5032785436616695,0.38004817449471695
-0.4990391455446237,0.3810346555472083
-0.4947997474275779,0.3820211885758923
-0.49056034931053205,0.3830079901013997
-0.48632095119348623,0.38399526815113516
-0.4820815530764404,0.3849832210698336
-0.47784215495939464,0.3859720363956459
-0.4736027568423488,0.3869618898055969
-0.469363358725303,0.3879529441332634
-0.46512396060825717,0.38894534846055073
-0.46088456249121135,0.3899392372845197
-0.4566451643741656,0.3909347297593327
-0.45240576625711976,0.391931929012575
-0.44816636814007393,0.3929309215344618
-0.4439269700230281,0.39393177663777507
-0.43968757190598234,0.3949345459858011
-0.4354481737889365,0.3959392631850518
-0.4312087756718907,0.3969459434391678
-0.4269693775548449,0.39795458326010946
-0.42272997943779905,0.3989651602325562
-0.4184905813207533,0.3999776328273374
-0.41425118320370746,0.4009919402597304
-0.41001178508666164,0.4020080023885494
-0.4057723869696158,0.4030257196521409
-0.40153298885257,0.40404497303765907
-0.3972935907355242,0.40506562408033453
-0.3930541926184784,0.4060875148898527
-0.3888147945014326,0.40711046820141
-0.38457539638438676,0.40813428744952346
-0.380335998267341,0.4091587568631997
-0.37609660015029517,0.4101836415816339
-0.37185720203324935,0.41120868779017916
-0.3676178039162035,0.41223362287690074
-0.3633784057991577,0.41325815561059637
-0.35913900768211193,0.41428197634170766
-0.3548996095650661,0.4153047572280619
-0.3506602114480203,0.416326152487863
-0.34642081333097446,0.417345798682771
-0.34218141521392864,0.4183633150342893
-0.3379420170968829,0.41937830377697843
-0.33370261897983705,0.42039035055225893
-0.32946322086279123,0.42139902484672676
-0.3252238227457454,0.42240388047899147
-0.32098442462869964,0.4234044561390512
-0.3167450265116538,0.42440027598414004
-0.312505628394608,0.42539085029482304
-0.30826623027756217,0.42637567619487005
-0.30402683216051635,0.42735423843811526
-0.2997874340434706,0.42832601026511086
-0.29554803592642476,0.42929045433190666
-0.29130863780937893,0.43024702371274737
-0.2870692396923331,0.43119516297787686
-0.2828298415752873,0.43213430934697517
-0.2785904434582415,0.4330638939180541
-0.2743510453411957,0.43398334297088514
-0.2701116472241499,0.43489207934326063
-0.26587224910710405,0.43578952387758985
-0.2616328509900583,0.4366750969345177
-0.25739345287301246,0.43754821996944543
-0.25315405475596664,0.4384083171670199
-0.24891465663892082,0.43925481712786957
-0.24467525852187502,0.4400871546011005
-0.2404358604048292,0.44090477225533165
-0.2361964622877834,0.44170712248036254
-0.23195706417073758,0.4424936692109301
-0.22771766605369176,0.44326388976343056
-0.22347826793664596,0.4440172766759748
-0.21923886981960014,0.4447533395416993
-0.21499947170255435,0.4454716068249003
-0.21076007358550852,0.4461716276492687
-0.20652067546846273,0.44685297354731973
-0.2022812773514169,0.4475152401599938
-0.19804187923437108,0.4481580488754007
-0.1938024811173253,0.4487810483957484
-0.18956308300027946,0.4493839162216689
-0.18532368488323367,0.44996636004341223
-0.18108428676618785,0.4505281190287277
-0.17684488864914205,0.4510689649976875
-0.17260549053209623,0.45158870347522206
-0.1683660924150504,0.45208717461273873
-0.1641266942980046,0.4525642539708621
-0.1598872961809588,0.453019853156076
-0.155647898063913,0.4534539203048483
-0.15140849994686717,0.45386644040968005
-0.14716910182982137,0.45425743548242475
-0.14292970371277555,0.45462696455117574
-0.13869030559572973,0.4549751234880004
-0.13445090747868393,0.4553020446658117
-0.1302115093616381,0.45560789644369504
-0.12597211124459232,0.455892882481047
-0.1217327131275465,0.45615724088192794
-0.11749331501050068,0.45640124317206476
-0.11325391689345488,0.4566251931119692
-0.10901451877640907,0.4568294253506433
-0.10477512065936326,0.4570143039253248
-0.10053572254231743,0.45718022061367586
-0.09629632442527163,0.457327593145728
-0.09205692630822582,0.45745686328376667
-0.08781752819118001,0.4575684947791526
-0.0835781300741342,0.4576629712158495
-0.07933873195708839,0.45774079375112753
-0.07509933384004258,0.4578024787645677
-0.07085993572299676,0.4578485554270667
-0.06662053760595095,0.45787956320206447
-0.06238113948890514,0.4578960492916607
-0.05814174137185933,0.45789856604066537
-0.05390234325481352,0.4578876683119323
-0.04966294513776771,0.45786391084655975
-0.0454235470207219,0.45782784562270074
-0.04118414890367609,0.45778001922681477
-0.03694475078663028,0.45772097025120567
-0.032705352669584464,0.45765122673163505
-0.028465954552538655,0.45757130363867093
-0.024226556435492843,0.45748170043623193
-0.019987158318447034,0.45738289872052096
-0.01574776020140122,0.45727535995220436
-0.011508362084355411,0.45715952329429244
-0.0072689639673096,0.4570358035677084
-0.0030295658502637896,0.456904589336006
0.0012098322667820215,0.45676624113010234
0.005449230383827833,0.4566210898232481
0.009688628500873644,0.4564694351657454
0.013928026617919455,0.45631154448816946
0.018167424734965264,0.45614765158103665
0.022406822852011076,0.4559779557579966
0.02664622096905689,0.455802621108728
0.030885619086102697,0.45562177594675735
0.035125017203148506,0.4554355124564372
0.03936441532019432,0.45524388654229075
0.04360381343724013,0.45504691788287055
0.04784321155428594,0.4548445901901947
0.052082609671331756,0.45463685167470613
0.056322007788377565,0.4544236157145788
0.060561405905423374,0.4542047617270413
0.06480080402246918,0.4539801362382404
0.06904020213951499,0.45374955414700935
0.07327960025656081,0.45351280017675044
0.07751899837360662,0.4532696305085012
0.08175839649065243,0.4530197745871223
0.08599779460769824,0.45276293709144516
0.09023719272474405,0.45249880005813975
0.09447659084178986,0.45222702514803065
0.09871598895883567,0.451947256042596
0.10295538707588149,0.45165912095744953
0.1071947851929273,0.451362235258727
0.11143418330997311,0.45105620416749087
0.11567358142701892,0.4507406255365327
0.11991297954406473,0.4504150926833058
0.12415237766111054,0.4500791972621558
0.12839177577815636,0.4497325321585551
0.13263117389520215,0.44937469438768674
0.13687057201224798,0.44900528797946426
0.14110997012929377,0.44862392683193797
0.1453493682463396,0.4482302375150098
0.14958876636338542,0.4478238620064759
0.1538281644804312,0.44740446034263504
0.15806756259747703,0.44697171316604206
0.16230696071452283,0.44652532415345636
0.16654635883156865,0.4460650223076237
0.17078575694861445,0.44559056409725045
0.17502515506566027,0.44510173543036224
0.1792645531827061,0.4445983534471959
0.1835039512997519,0.44408026811983603
0.1877433494167977,0.4435473636469878
0.1919827475338435,0.4429995596335432
0.19622214565088933,0.44243681204597063
0.20046154376793512,0.44185911393600263
0.20470094188498095,0.44126649592662237
0.20894034000202677,0.4406590264559348
0.21317973811907256,0.44003681177614695
0.2174191362361184,0.4393999957065621
0.22165853435316418,0.43874875914119504
0.22589793247021,0.4380833193133399
0.2301373305872558,0.43740392882114143
0.23437672870430162,0.4367108744199296
0.23861612682134745,0.43600447558876054
0.24285552493839324,0.43528508288024914
0.24709492305543906,0.4345530760643676
0.2513343211724849,0.43380886207840663
0.25557371928953065,0.43305287279673765
0.2598131174065765,0.432285562635364
0.2640525155236223,0.43150740600749693
0.2682919136406681,0.43071889464752056
0.27253131175771395,0.42992053482171827
0.2767707098747597,0.42911284444500386
0.28101010799180554,0.4282963501236288
0.28524950610885136,0.4274715841444206
0.2894889042258972,0.42663908143152884
0.293728302342943,0.42579937649192406
0.29796770045998877,0.42495300037099815
0.3022070985770346,0.4241004776395533
0.3064464966940804,0.42324232343324325
0.31068589481112624,0.4223790405651439
0.314925292928172,0.42151111673157937
0.31916469104521783,0.4206390218306294
0.32340408916226365,0.4197632054118828
0.3276434872793095,0.4188840942750087
0.3318828853963553,0.4180020902335732
0.33612228351340107,0.4171175680592713
0.3403616816304469,0.41623087362036004
0.3446010797474927,0.41534232222659556
0.34884047786453853,0.4144521971913936
0.35307987598158436,0.4135607486202783
0.3573192740986301,0.41266819243295577
0.36155867221567595,0.4117747096245731
0.36579807033272177,0.4108804457699114
0.3700374684497676,0.409985510772423
0.37427686656681336,0.4090899788581868
0.3785162646838592,0.4081938888130202
0.382755662800905,0.4072972444591816
0.38699506091795083,0.4064000153663311
0.39123445903499665,0.40550213778970384
0.3954738571520424,0.40460351582680737
0.39971325526908824,0.4037040227823947
0.40395265338613406,0.40280350272999643
0.4081920515031799,0.4019017722569385
0.4124314496202257,0.4009986223785277
0.4166708477372715,0.400093820605973
0.4209102458543173,0.3991871131516314
0.4251496439713631,0.3982782272543283
0.42938904208840895,0.3973668736068146
0.4336284402054547,0.3964527488668831
0.43786783832250054,0.3955355382332878
0.44210723643954636,0.3946149180673818
0.4463466345565922,0.3936905585413199
0.450586032673638,0.3927621262937597
0.45482543079068377,0.3918292870742301
0.4590648289077296,0.3908917083577186
0.4633042270247754,0.38994906191156087
0.46754362514182124,0.38900102629736644
0.47178302325886706,0.3880472892915096
0.47602242137591283,0.3870875502086128
0.48026181949295865,0.38612152211345985
0.4845012176100045,0.38514893390788385
0.4887406157270503,0.3841695322803619
0.49298001384409607,0.38318308350730945
0.4972194119611419,0.38218937509638656
0.5014588100781877,0.3811882172634921
0.5056982081952335,0.38017944423651895
0.5099376063122794,0.3791629153803571
0.5141770044293251,0.37813851613905425
0.518416402546371,0.3771061587924544
0.5226558006634168,0.3760657830260325
0.5268951987804625,0.375017356314002
0.5311345968975084,0.3739608741170945
0.5353739950145542,0.37289635989767617
0.5396133931316001,0.3718238649560697
0.5438527912486458,0.370743468093084
0.5480921893656916,0.3696552751048064
0.5523315874827375,0.3685594181166832
0.5565709855997832,0.36745605476478915
0.5608103837168291,0.3663453672329742
0.5650497818338749,0.3652275611552584
0.5692891799509207,0.36410286439343437
0.5735285780679665,0.3629715257003214
0.5777679761850123,0.3618338132795047
0.5820073743020582,0.36069001325267824
0.586246772419104,0.3595404280459057
0.5904861705361497,0.358385374706214
0.5947255686531956,0.35722518315994495
0.5989649667702414,0.35606019442422276
0.6032043648872871,0.35489075878274745
0.607443763004333,0.35371723393690324
0.6116831611213788,0.352539983142893
0.6159225592384246,0.351359373345265
0.6201619573554704,0.3501757733168105
0.6244013554725162,0.3489895518143758
0.6286407535895621,0.34780107575966585
0.6328801517066078,0.3466107084536134
0.6371195498236537,0.3454188078323748
0.6413589479406995,0.34422572477247193
0.6455983460577452,0.34303180145206263
0.6498377441747911,0.34183736977476864
0.6540771422918369,0.34064274986195187
0.6583165404088828,0.3394482486187846
0.6625559385259285,0.3382541583789389
0.6667953366429743,0.33706075563220267
0.6710347347600202,0.33586829983883304
0.675274132877066,0.3346770323339877
0.6795135309941118,0.3334871753251073
0.6837529291111576,0.33229893098469815
0.6879923272282034,0.3311124806405442
0.6922317253452492,0.32992798406498725
0.696471123462295,0.32874557886454636
0.7007105215793409,0.3275653799707939
0.7049499196963867,0.32638747923307154
0.7091893178134324,0.32521194511331925
0.7134287159304783,0.32403882248297905
0.7176681140475241,0.3228681325216537
0.7219075121645698,0.3216998727169142
0.7261469102816157,0.3205340169643823
0.7303863083986615,0.3193705157669383
0.7346257065157074,0.31820929653165053
0.7388651046327531,0.31705026396274943
0.7431045027497989,0.3158933005487109
0.7473439008668448,0.3147382671412444
0.7515832989838905,0.31358500362371367
0.7558226971009364,0.31243332966624204
0.7600620952179822,0.3112830455644815
0.764301493335028,0.31013393315873816
0.7685408914520738,0.3089857568298647
0.7727802895691196,0.30783826456804525
0.7770196876861655,0.30669118911030396
0.7812590858032112,0.3055442491422864
0.785498483920257,0.3043971505595747
0.7897378820373029,0.30324958778351857
0.7939772801543487,0.3021012451262916
0.7982166782713945,0.3009517981996228
0.8024560763884403,0.299800915361404
0.8066954745054861,0.29864825919414656
0.8109348726225319,0.29749348800905
0.8151742707395777,0.2963362573692612
0.8194136688566236,0.2951762216257462
0.8236530669736694,0.2940130354590674
0.8278924650907151,0.2928463554202676
0.832131863207761,0.29167584146400644
0.8363712613248068,0.2905011584670716
0.8406106594418525,0.2893219777254154
0.8448500575588984,0.28813797842292993
0.8490894556759442,0.28694884906528095
0.8533288537929901,0.2857542888722776
0.8575682519100358,0.2845540091224501
0.8618076500270816,0.2833477344437522
0.8660470481441275,0.2821352040445888
0.8702864462611732,0.2809161728796999
0.8745258443782191,0.27969041274579953
0.8787652424952649,0.27845771330227476
0.8830046406123107,0.27721788301269135
0.8872440387293565,0.2759707500033269
0.8914834368464023,0.27471616283545
0.8957228349634482,0.27345399118859387
0.899962233080494,0.27218412645260764
0.9042016311975397,0.27090648222683433
0.9084410293145856,0.26962099472532347
0.9126804274316314,0.2683276230875606
0.9169198255486772,0.26702634959476074
0.921159223665723,0.2657171797923368
0.9253986217827688,0.26440014251969846
0.9296380198998146,0.2630752898490736
0.9338774180168604,0.26174269693554736
0.9381168161339063,0.26040246178099963
0.9423562142509521,0.2590547049150696
0.9465956123679978,0.2576995689966916
0.9508350104850437,0.25633721834011985
0.9550744086020895,0.2549678383696959
0.9593138067191354,0.25359163500789705
0.9635532048361811,0.2522088340014495
0.9677926029532269,0.2508196801904811
0.9720320010702728,0.24942443672583423
0.9762713991873185,0.24802338423975537
0.9805107973043643,0.24661681997522472
0.9847501954214102,0.24520505687918934
0.988989593538456,0.24378842266491732
0.9932289916555018,0.24236725884859975
0.9974683897725476,0.2409419197651998
1.0017077878895935,0.23951277156837442
1.0059471860066391,0.23808019121909857
1.010186584123685,0.23664456546738308
1.0144259822407309,0.2352062898312231
1.0186653803577768,0.23376576757663348
1.0229047784748224,0.23232340870232798
1.0271441765918683,0.2308796289322968
1.0313835747089142,0.22943484871921657
1.0356229728259598,0.22798949226131046
1.0398623709430057,0.22654398653496272
1.0441017690600516,0.22509876034507997
1.0483411671770972,0.22365424339489623
1.0525805652941431,0.22221086537663148
1.056819963411189,0.22076905508415343
1.0610593615282347,0.21932923954853975
1.0652987596452805,0.21789184319722465
1.0695381577623264,0.21645728703721143
1.0737775558793723,0.2150259878626673
1.078016953996418,0.21359835748707437
1.0822563521134638,0.21217480199999764
1.0864957502305097,0.21075572104844703
1.0907351483475554,0.20934150714275201
1.0949745464646012,0.207932544986838
1.0992139445816471,0.20652921083278622
1.1034533426986928,0.20513187185957582
1.1076927408157387,0.2037408855759442
1.1119321389327845,0.2023565992473547
1.1161715370498304,0.20097934934713121
1.120410935166876,0.19960946103189742
1.124650333283922,0.19824724764154855
1.1288897314009678,0.19689301022407468
1.1331291295180135,0.19554703708564924
1.1373685276350594,0.19420960336648738
1.1416079257521052,0.19288097064306658
1.145847323869151,0.19156138655737806
1.1500867219861968,0.190251084473945
1.1543261201032426,0.1889502831653981
1.1585655182202883,0.18765918652743463
1.1628049163373342,0.18637798332400723
1.16704431445438,0.18510684696359256
1.171283712571426,0.18384593530736876
1.1755231106884716,0.18259539051009244
1.1797625088055175,0.18135533889441055
1.1840019069225634,0.18012589085925887
1.188241305039609,0.17890714082290748
1.1924807031566549,0.17769916720109377
1.1967201012737008,0.17650203242055693
1.2009594993907464,0.1753157829681394
1.2051988975077923,0.17414044947546756
1.2094382956248382,0.17297604683905415
1.213677693741884,0.17182257437549495
1.2179170918589297,0.170680016011254
1.2221564899759756,0.1695483405063522
1.2263958880930215,0.16842750171110032
1.2306352862100671,0.1673174388548419
1.234874684327113,0.16621807686550782
1.2391140824441589,0.16512932671863
1.2433534805612045,0.16405108581431427
1.2475928786782504,0.16298323838054557
1.2518322767952963,0.16192565590108432
1.2560716749123422,0.16087819756611346
1.2603110730293878,0.15984071074372141
1.2645504711464337,0.1588130314702432
1.2687898692634796,0.15779498495744507
1.2730292673805252,0.15678638611451787
1.2772686654975711,0.1557870400828446
1.281508063614617,0.15479674278152683
1.2857474617316627,0.1538152814616928
1.2899868598487085,0.15284243526766317
1.2942262579657544,0.15187797580312368
1.2984656560828,0.1509216677005349
1.302705054199846,0.14997326919210935
1.3069444523168918,0.14903253268079134
1.3111838504339377,0.14809920530979115
1.3154232485509834,0.14717302952934888
1.3196626466680292,0.1462537436595262
1.3239020447850751,0.14534108244795782
1.3281414429021208,0.1444347776216181
1.3323808410191667,0.14353455843179194
1.3366202391362125,0.1426401521915579
1.3408596372532582,0.141751284805217
1.345099035370304,0.14086768128921023
1.34933843348735,0.13998906628417715
1.3535778316043958,0.13911516455790718
1.3578172297214415,0.13824570149902346
1.3620566278384874,0.13738040360132267
1.3662960259555332,0.13651899893876246
1.370535424072579,0.13566121763115238
1.3747748221896248,0.13480679230065565
1.3790142203066706,0.1339554585192491
1.3832536184237163,0.1331069552473257
1.3874930165407622,0.13226102526364403
1.391732414657808,0.1314174155868491
1.395971812774854,0.1305758778887927
1.4002112108918996,0.1297361688998862
1.4044506090089455,0.12889805080670833
1.4086900071259914,0.12806129164208033
1.412929405243037,0.1272256656678017
1.4171688033600829,0.12639095375021334
1.4214082014771288,0.12555694372872728
1.4256475995941744,0.1247234307774249
1.4298869977112203,0.12389021775978683
1.4341263958282662,0.12305711557656972
1.4383657939453118,0.12222394350679675
1.4426051920623577,0.1213905295417702
1.4468445901794036,0.12055671071195323
1.4510839882964495,0.11972233340650097
1.4553233864134951,0.1188872536851452
1.459562784530541,0.1180513375820592
1.4638021826475869,0.11721446140124125
1.4680415807646325,0.11637651200286371
1.4722809788816784,0.11553738707993522
1.4765203769987243,0.11469699542451853
1.48075977511577,0.11385525718263735
1.4849991732328158,0.11301210409688747
1.4892385713498617,0.11216747973565247
1.4934779694669076,0.11132133970769677
1.4977173675839532,0.1104736518607891
1.5019567657009991,0.10962439646288263
1.506196163818045,0.10877356636425713
1.5104355619350907,0.10792116713890795
1.5146749600521365,0.10706721720335848
1.5189143581691824,0.10621174791096148
1.523153756286228,0.10535480361967015
1.527393154403274,0.10449644173117391
1.5316325525203198,0.10363673269923615
1.5358719506373655,0.10277576000502503
1.5401113487544114,0.1019136200972119
1.5443507468714572,0.10105042229461134
1.5485901449885031,0.100186288649174
1.5528295431055488,0.0993213537672024
1.5570689412225946,0.09845576458675376
1.5613083393396405,0.09758968010932423
1.5655477374566862,0.09672327108406818
1.569787135573732,0.09585671964300767
1.574026533690778,0.09499021888592046
1.5782659318078236,0.09412397241386733
1.5825053299248695,0.093258193810625
1.5867447280419154,0.09239310607163306
1.5909841261589612,0.09152894098043621
1.5952235242760069,0.09066593843300506
1.5994629223930528,0.08980434571075196
1.6037023205100986,0.08894441670350683
1.6079417186271443,0.08808641108419482
1.6121811167441902,0.08723059343744032
1.616420514861236,0.08637723234481853
1.6206599129782817,0.08552659942997587
1.6248993110953276,0.08467896836733416
1.6291387092123735,0.08383461385858368
1.6333781073294193,0.08299381058164346
1.637617505446465,0.08215683211721589
1.6418569035635109,0.08132394985849126
1.6460963016805568,0.08049543190994399
1.6503356997976024,0.07967154198151617
1.6545750979146483,0.07885253828478497
1.6588144960316942,0.07803867243796768
1.6630538941487398,0.07723018838681216
1.6672932922657857,0.07642732134856062
1.6715326903828316,0.07563029678624543
1.6757720884998772,0.07483932942058358
1.6800114866169231,0.07405462228667221
1.684250884733969,0.07327636584255545
1.6884902828510149,0.07250473713652711
1.6927296809680605,0.07173989903975762
1.6969690790851064,0.07098199955049161
1.7012084772021523,0.07023117117564542
1.705447875319198,0.06948753039516067
1.7096872734362438,0.0687511772139291
1.7139266715532897,0.06802219480551087
1.7181660696703354,0.06730064925122319
1.7224054677873812,0.06658658937748393
1.7266448659044271,0.06588004669356863
1.730884264021473,0.06518103543117615
1.7351236621385187,0.0644895526864164
1.7393630602555645,0.06380557866403161
1.7436024583726104,0.0631290770228556
1.747841856489656,0.06245999532070684
1.752081254606702,0.0617982655561132
1.7563206527237478,0.061143804803481666
1.7605600508407935,0.06049651593757192
1.7647994489578394,0.059856288442403746
1.7690388470748852,0.05922299929904742
1.7732782451919311,0.058596513946103546
1.7775176433089768,0.05797668730609784
1.7817570414260226,0.05736336487048703
1.7859964395430685,0.05675638383551387
1.7902358376601142,0.056155574280750645
1.79447523577716,0.05556076038185606
1.798714633894206,0.054971761648817744
1.8029540320112516,0.05438839418078774
1.8071934301282975,0.05381047192852371
1.8114328282453434,0.05323780795543857
1.815672226362389,0.052670215688322745
1.8199116244794349,0.05210751014894667
1.8241510225964808,0.05154950915796558
1.8283904207135266,0.05099603450283466
1.8326298188305723,0.05044691306179899
1.8368692169476182,0.04990197787643905
1.841108615064664,0.049361069165730555
1.8453480131817097,0.04882403527510812
1.8495874112987556,0.048290733554599403
1.8538268094158015,0.04776103116071879
1.8580662075328471,0.04723480577746128
1.862305605649893,0.046711946252426216
1.8665450037669389,0.04619235314480117
1.8707844018839848,0.04567593918266085
1.8750238000010304,0.04516262962776394
1.8792631981180763,0.04465236254676086
1.8835025962351222,0.04414508898845244
1.8877419943521678,0.04364077306745179
1.8919813924692137,0.043139391955300734
1.8962207905862596,0.042640935780763244
1.9004601887033052,0.04214540744166418
1.9046995868203511,0.04165282233125353
1.908938984937397,0.04116320798264683
1.9131783830544427,0.04067660363542622
1.9174177811714885,0.04019305972896917
1.9216571792885344,0.03971263732751061
1.9258965774055803,0.0392354074823279
1.930135975522626,0.03876145053677153
1.9343753736396718,0.03829085538014335
1.9386147717567177,0.03782371865664548
1.9428541698737634,0.03736014393579287
1.9470935679908092,0.0369002408507943
1.9513329661078551,0.03644412421146521
1.9555723642249008,0.0359919130982408
1.9598117623419467,0.03554372994381302
1.9640511604589925,0.035099699608816246
1.9682905585760384,0.034659948457847985
1.972529956693084,0.03422460344191996
1.97676935481013,0.03379379119320956
1.9810087529271758,0.03336763713771315
1.9852481510442215,0.03294626463110405
1.9894875491612674,0.032529794122765576
1.9937269472783132,0.03211834235261128
1.997966345395359,0.03171202158492411
2.002205743512405,0.03131093888304534
2.0064451416294506,0.030915195428330336
2.0106845397464963,0.030524885886359817
2.0149239378635424,0.030140097822966103
2.019163335980588,0.029760911172194062
2.0234027340976337,0.02938739775788301
2.02764213221468,0.029019620870124194
2.0318815303317255,0.028657634897424206
2.036120928448771,0.028301485014992085
2.0403603265658172,0.027951206929168373
2.044599724682863,0.027606826677632312
2.0488391227999085,0.027268360484658253
2.0530785209169546,0.026935814670351742
2.0573179190340003,0.026609185612475574
2.061557317151046,0.026288459759181662
2.065796715268092,0.025973613690697277
2.0700361133851377,0.025664614227772886
2.0742755115021834,0.025361418584488423
2.0785149096192295,0.02506397456282715
2.082754307736275,0.024772220786278092
2.0869937058533212,0.024486086969595876
2.091233103970367,0.024205494221755084
2.0954725020874125,0.023930355379066005
2.0997119002044586,0.023660575365376826
2.1039512983215043,0.023396051576275393
2.10819069643855,0.02313667428421229
2.112430094555596,0.02288232706150417
2.1166694926726417,0.022632887218232117
2.1209088907896874,0.022388226252129877
2.1251482889067335,0.022148210307654185
2.129387687023779,0.02191270064154284
2.1336270851408248,0.021681554092299313
2.137866483257871,0.021454623551182134
2.1421058813749165,0.02123175843243609
2.146345279491962,0.021012805140662533
2.1505846776090083,0.020797607533397988
2.154824075726054,0.020586007377146068
2.1590634738430996,0.02037784479528512
2.1633028719601457,0.020172958706454316
2.1675422700771914,0.019971187252197584
2.171781668194237,0.019772368212821537
2.176021066311283,0.01957633941059364
2.1802604644283288,0.01938293909957091
2.184499862545375,0.019192006341508264
2.1887392606624205,0.0190033813674408
2.192978658779466,0.018816905924675845
2.1972180568965123,0.018632423609053497
2.201457455013558,0.018449780182453357
2.2056968531306036,0.018268823875624424
2.2099362512476497,0.01808940567650584
2.2141756493646954,0.017911379604282435
2.218415047481741,0.017734602969480068
2.222654445598787,0.017558936620456128
2.2268938437158328,0.017384245176675583
2.2311332418328784,0.017210397249185924
2.2353726399499245,0.01703726564871412
2.23961203806697,0.016864727581809416
2.243851436184016,0.016692664835440713
2.248090834301062,0.01652096395043838
2.2523302324181076,0.016349516384136245
2.2565696305351532,0.016178218662534175
2.2608090286521993,0.01600697252225279
2.265048426769245,0.015835685042503617
2.269287824886291,0.015664268767242594
2.2735272230033368,0.01549264181761709
2.2777666211203824,0.01532072799475888
2.2820060192374285,0.015148456872914806
2.286245417354474,0.014975763882852423
2.29048481547152,0.014802590385420039
2.294724213588566,0.014628883735090534
2.2989636117056116,0.014454597333272003
2.3032030098226572,0.014279690671126747
2.3074424079397033,0.014104129361606202
2.311681806056749,0.013927885160382474
2.3159212041737947,0.013750935975338633
2.3201606022908408,0.013573265864268488
2.3244000004078864,0.013394865020436223
2.328639398524932,0.013215729745653163
2.332878796641978,0.013035862410545034
2.337118194759024,0.012855271401709063
2.3413575928760695,0.012673971055493838
2.3455969909931156,0.012491981578178577
2.3498363891101612,0.012309328952375393
2.354075787227207,0.012126044829540512
2.358315185344253,0.011942166408538362
2.3625545834612987,0.011757736300275958
2.3667939815783448,0.011572802378497017
2.3710333796953904,0.011387417616901766
2.375272777812436,0.011201639912840284
2.379512175929482,0.011015531897906416
2.383751574046528,0.010829160735842752
2.3879909721635735,0.010642597908245843
2.3922303702806196,0.010455918988642211
2.3964697683976652,0.010269203405580712
2.400709166514711,0.010082534195458128
2.404948564631757,0.009895997745864474
2.4091879627488026,0.009709683530295327
2.4134273608658483,0.009523683835133164
2.4176667589828944,0.00933809347985045
2.42190615709994,0.00915300953142592
2.4261455552169857,0.008968531014000934
2.430384953334032,0.008784758614824886
2.4346243514510775,0.008601794387558698
2.438863749568123,0.008419741454009623
2.4431031476851692,0.00823870370537332
2.447342545802215,0.00805878550404921
2.4515819439192605,0.007880091387078878
2.4558213420363066,0.00770272577223358
2.4600607401533523,0.007526792667745803
2.4643001382703984,0.007352395386643265
2.468539536387444,0.007179636266599317
2.4727789345044897,0.0070086163961662765
2.477018332621536,0.006839435348206489
2.4812577307385815,0.006672190921277673
2.485497128855627,0.006506978889671749
2.4897365269726732,0.006343892762745133
2.493975925089719,0.006183023554115534
2.4982153232067645,0.006024459561237554
2.5024547213238106,0.0058682861558082885
2.5066941194408563,0.00571458558538916
2.510933517557902,0.00556343678657353
2.515172915674948,0.005414915209968873
2.5194123137919937,0.005269092657207526
2.5236517119090394,0.005126037130146394
2.5278911100260855,0.004985812692367324
2.532130508143131,0.004848479343043113
2.5363699062601768,0.004714092903190529
2.540609304377223,0.004582704914295427
2.5448487024942685,0.004454362549256823
2.549088100611314,0.004329108535568148
2.5533274987283603,0.0042069810906247875
2.557566896845406,0.004088013869021979
2.561806294962452,0.003972235921688438
2.5660456930794977,0.003859671666680165
2.5702850911965434,0.003750340871444712
2.5745244893135895,0.0036442586463533906
2.578763887430635,0.0035414354492858844
2.5830032855476808,0.0034418771010443854
2.587242683664727,0.003345584811363267
2.5914820817817725,0.003252555215275452
2.595721479898818,0.0031627804195875787
2.5999608780158643,0.00307624805921109
2.60420027613291,0.0029929413630877737
2.6084396742499556,0.002912839229443491
2.6126790723670017,0.0028359163100948994
2.6169184704840474,0.002762143103526448
2.621157868601093,0.002691486056445281
2.625397266718139,0.0026239076735140527
2.6296366648351848,0.0025593666349485273
2.6338760629522304,0.0024978179216561397
2.6381154610692765,0.0024392129475805137
2.642354859186322,0.002383499698901773
2.6465942573033683,0.0023306228797293806
2.650833655420414,0.002280524063910541
2.6550730535374596,0.0022331418525608944
2.6593124516545057,0.002188412036910307
2.6635518497715513,0.0021462677660407633
2.667791247888597,0.0021066397190807797
2.672030646005643,0.002069456281402147
2.6762700441226888,0.002034643724357666
2.6805094422397344,0.0020021263880793724
2.6847488403567805,0.0019718268668511745
2.688988238473826,0.0019436661965564002
2.693227636590872,0.001917564043693731
2.697467034707918,0.0018934388954491331
2.7017064328249636,0.0018712082503051547
2.7059458309420092,0.001850788808669294
2.7101852290590553,0.0018320966629996665
2.714424627176101,0.0018150474869102697
2.7186640252931467,0.001799556722742676
2.7229034234101928,0.0017855397670952385
2.7271428215272384,0.0017729121538128084
2.731382219644284,0.0017615897339477457
2.73562161776133,0.0017514888522194433
2.739861015878376,0.0017425265195123401
2.744100413995422,0.001734620580969856
2.7483398121124676,0.0017276898792628517
2.7525792102295132,0.0017216544126286543
2.7568186083465593,0.0017164354873006557
2.761058006463605,0.0017119558639714042
2.7652974045806507,0.0017081398979558442
2.7695368026976968,0.001704913672747799
2.7737762008147424,0.0017022051266870255
2.778015598931788,0.0016999441724818215
2.782254997048834,0.001698062809358773
2.78649439516588,0.001696495227636879
2.7907337932829255,0.0016951779055521445
2.7949731913999716,0.0016940496981824376
2.7992125895170172,0.0016930519183515095
2.803451987634063,0.0016921284094155616
2.807691385751109,0.0016912256098599492
2.8119307838681546,0.0016902926096605125
2.8161701819852003,0.0016892811983860029
2.8204095801022464,0.0016881459050418282
2.824648978219292,0.0016868440296783677
2.8288883763363377,0.001685335666807542
2.833127774453384,0.0016835837206926
2.8373671725704295,0.0016815539125967396
2.8416065706874756,0.0016792147800941022
2.8458459688045212,0.001676537668566631
2.850085366921567,0.0016734967150273282
2.854324765038613,0.0016700688244275373
2.8585641631556586,0.0016662336386240827
2.8628035612727043,0.0016619734981962902
2.8670429593897504,0.0016572733973199945
2.871282357506796,0.001652120931921669
2.8755217556238417,0.0016465062413489246
2.879761153740888,0.001640421943809174
2.8840005518579335,0.001633863065844639
2.888239949974979,0.0016268269661226836
2.8924793480920252,0.001619313253835818
2.896718746209071,0.0016113237020210312
2.9009581443261165,0.0016028621561180213
2.9051975424431626,0.001593934438100744
2.9094369405602083,0.0015845482465297756
2.913676338677254,0.0015747130528824442
2.9179157367943,0.0015644399945319775
2.9221551349113457,0.0015537417647555445
2.9263945330283914,0.001542632500161933
2.9306339311454375,0.0015311276659388008
2.934873329262483,0.001519243939327392
2.939112727379529,0.0015069990917403742
2.943352125496575,0.00149441186994292
2.9475915236136205,0.0014815018767239357
2.9518309217306666,0.0014682894514861703
2.9560703198477123,0.0014547955511853105
2.960309717964758,0.0014410416320515193
2.964549116081804,0.0014270495325199222
2.9687885141988497,0.0014128413577996603
2.9730279123158954,0.001398439366501073
2.9772673104329415,0.0013838658597362173
2.981506708549987,0.001369143073099567
2.9857461066670328,0.0013542930719231908
2.989985504784079,0.001339337650190264
2.9942249029011245,0.0013242982334751956
2.99846430101817,0.0013091957862633422
3.0027036991352163,0.0012940507239844095
3.006943097252262,0.0012788828300753599
3.0111824953693076,0.0012637111783659382
3.0154218934863537,0.001248554061058442
3.0196612916033994,0.0012334289225482183
3.0239006897204455,0.0012183522993067858
3.028140087837491,0.0012033397660219085
3.0323794859545368,0.0011884058881620986
3.036618884071583,0.0011735641811033287
3.0408582821886285,0.0011588270759280645
3.045097680305674,0.0011442058919742641
3.0493370784227203,0.0011297108161845114
3.053576476539766,0.001115350889271123
3.0578158746568116,0.0011011339986858153
3.0620552727738577,0.0010870668783481523
3.0662946708909034,0.0010731551150575756
3.070534069007949,0.0010594031614833514
3.074773467124995,0.0010458143555959476
3.0790128652420408,0.0010323909463715144
3.0832522633590864,0.0010191341255760332
3.0874916614761325,0.0010060440654024562
3.091731059593178,0.000993119961709046
3.095970457710224,0.00098036008258039
3.10020985582727,0.0009677618219034122
3.1044492539443156,0.0009553217576315847
3.1086886520613612,0.0009430357143811949
3.1129280501784073,0.0009308988299856391
3.117167448295453,0.000918905625611002
3.121406846412499,0.0009070500790182242
3.1256462445295448,0.0008953257005379703
3.1298856426465904,0.0008837256113119864
3.1341250407636365,0.0008722426233369763
3.138364438880682,0.0008608693208387742
3.142603836997728,0.0008495981424924528
3.146843235114774,0.0008384214639983604
3.1510826332318196,0.0008273316805177608
3.1553220313488652,0.0008163212884692694
3.1595614294659113,0.0008053829661873874
3.163800827582957,0.000794509652946496
3.1680402257000027,0.0007836946258582434
3.1722796238170488,0.0007729315741586088
3.1765190219340944,0.0007622146704108837
3.18075842005114,0.0007515386381639101
3.184997818168186,0.0007408988156223026
3.189237216285232,0.0007302912149017501
3.1934766144022775,0.0007197125764671908
3.1977160125193236,0.0007091604183744934
3.2019554106363692,0.0006986330799636613
3.206194808753415,0.000688129759681794
3.210434206870461,0.0006776505467484348
3.2146736049875066,0.0006671964464068298
3.2189130031045528,0.0006567693985462186
3.2231524012215984,0.0006463722895178986
3.227391799338644,0.0006360089570078993
3.23163119745569,0.0006256841878757958
3.235870595572736,0.0006154037089088635
3.2401099936897815,0.0006051741704917119
3.2443493918068276,0.0005950031232327858
3.2485887899238732,0.0005848989876413764
3.252828188040919,0.0005748710169922153
3.257067586157965,0.0005649292535640026
3.2613069842750106,0.0005550844784844905
3.2655463823920563,0.0005453481554614837
3.2697857805091024,0.0005357323687229919
3.274025178626148,0.0005262497555342635
3.2782645767431937,0.0005169134337000779
3.28250397486024,0.0005077369245013294
3.2867433729772855,0.000498734071549759
3.290982771094331,0.0004899189560817162
3.2952221692113772,0.000481305809239042
3.299461567328423,0.00047290892191602125
3.3037009654454685,0.0004647425527719044
3.3079403635625146,0.0004568208350309151
3.3121797616795603,0.00044915768270467865
3.3164191597966064,0.00044176669688523936
3.320658557913652,0.0004346610727618714
3.3248979560306977,0.00042785350801738116
3.329137354147744,0.0004213561132569993
3.3333767522647895,0.0004151803251154897
3.337616150381835,0.0004093368226740444
3.3418555484988812,0.00040383544780421186
3.346094946615927,0.0003986851300317032
3.3503343447329725,0.00039389381648697024
3.3545737428500186,0.0003894684074793528
3.3588131409670643,0.0003854146981942764
3.36305253908411,0.0003817373269756341
3.367291937201156,0.0003784397306098551
3.3715313353182017,0.0003755241069821045
3.3757707334352474,0.0003729913854244593
3.3800101315522935,0.00037084120502255125
3.384249529669339,0.0003690719010896698
3.3884889277863848,0.00036768049996114714
3.392728325903431,0.00036666272219966966
3.3969677240204765,0.00036601299423968947
3.4012071221375226,0.00036572446844060596
3.4054465202545683,0.00036578905144903605
3.409685918371614,0.0003661974407122969
3.41392531648866,0.00036693916891962063
3.4181647146057057,0.000368002656086836
3.4224041127227514,0.000369375268939362
3.4266435108397975,0.00037104338719041487
3.430882908956843,0.0003729924762544065
3.4351223070738888,0.0003752071658842506
3.439361705190935,0.00037767133416913116
3.4436011033079805,0.0003803681962860749
3.447840501425026,0.0003832803973558771
3.4520798995420723,0.0003863901087171849
3.456319297659118,0.0003896791269025132
3.4605586957761636,0.0003931289745717423
3.4647980938932097,0.0003967210026407514
3.4690374920102554,0.0004004364928271945
3.473276890127301,0.00040425675982773066
3.477516288244347,0.0004081632523404207
3.4817556863613928,0.00041213765215185154
3.4859950844784384,0.0004161619705172247
3.4902344825954845,0.0004202186410852725
3.49447388071253,0.00042429060864096
3.4987132788295763,0.0004283614129723637
3.502952676946622,0.00043241526720756013
3.5071920750636676,0.00043643713000810803
3.5114314731807137,0.0004404127710604831
3.5156708712977593,0.0004443288293572513
3.519910269414805,0.00044817286382484205
3.524149667531851,0.00045193339591665944
3.5283890656488968,0.0004555999438605237
3.5326284637659424,0.0004591630483219162
3.5368678618829885,0.0004626142893194747
3.541107260000034,0.0004659462943064105
3.54534665811708,0.0004691527374097058
3.549586056234126,0.0004722283298997003
3.5538254543511716,0.0004751688020399698
3.5580648524682172,0.00047797087654719017
3.5623042505852633,0.00048063223396625256
3.566543648702309,0.0004831514703411916
3.5707830468193547,0.0004855280476322322
3.5750224449364008,0.0004877622373979486
3.5792618430534464,0.000489855058322268
3.583501241170492,0.0004918082082250082
3.587740639287538,0.0004936239912445434
3.591980037404584,0.0004953052409272345
3.59621943552163,0.000496855239994997
3.6004588336386756,0.0004982776375935527
3.6046982317557212,0.0004995763648471922
3.6089376298727673,0.0005007555495581354
3.613177027989813,0.0005018194308984147
3.6174164261068587,0.0005027722749376094
3.6216558242239048,0.0005036182918391604
3.6258952223409504,0.0005043615555426345
3.630134620457996,0.0005050059267179101
3.634374018575042,0.0005055549797459286
3.638613416692088,0.0005060119344373055
3.6428528148091335,0.0005063795931493026
3.6470922129261796,0.0005066602839082625
3.6513316110432252,0.0005068558100797542
3.655571009160271,0.0005069674070627486
3.659810407277317,0.0005069957064113635
3.6640498053943626,0.0005069407077117555
3.6682892035114083,0.0005068017584610967
3.6725286016284544,0.0005065775421163434
3.6767679997455,0.0005062660743954742
3.6810073978625457,0.0005058647078304409
3.685246795979592,0.0005053701444893239
3.6894861940966375,0.0005047784567016027
3.6937255922136836,0.0005040851155406288
3.6979649903307292,0.0005032850267429742
3.702204388447775,0.0005023725736671737
3.706443786564821,0.0005013416668291013
3.7106831846818666,0.0005001857994866906
3.7149225827989123,0.0004988981086891317
3.7191619809159584,0.0004974714411543225
3.723401379033004,0.00049589842329569
3.7276407771500497,0.0004941715346813737
3.731880175267096,0.0004922831841805558
3.7361195733841415,0.0004902257880305023
3.740358971501187,0.0004879918490449959
3.7445983696182332,0.0004855740361798984
3.748837767735279,0.00048296526367566824
3.7530771658523245,0.0004801587690065577
3.7573165639693706,0.00047714818888707974
3.7615559620864163,0.0004739276326106044
3.765795360203462,0.0004704917520317667
3.770034758320508,0.00046683580754050113
3.7742741564375537,0.0004629557294266039
3.7785135545546,0.00045884817407956455
3.7827529526716455,0.0004545105745331268
3.786992350788691,0.00044994118491471996
3.791231748905737,0.0004451391184350143
3.795471147022783,0.00044010437861051894
3.7997105451398285,0.0004348378834871922
3.8039499432568746,0.0004293414826997728
3.8081893413739203,0.0004236179672740185
3.812428739490966,0.000417671072147514
3.816668137608012,0.0004115054714538043
3.8209075357250577,0.00040512676668385313
3.8251469338421034,0.0003985414678995135
3.8293863319591495,0.00039175696823895217
3.833625730076195,0.0003847815120093766
3.8378651281932408,0.00037762415671634304
3.842104526310287,0.0003702947294284241
3.8463439244273325,0.0003628037779186029
3.850583322544378,0.00035516251706232526
3.8548227206614243,0.00034738277100548193
3.85906211877847,0.0003394769116405157
3.8633015168955156,0.000331457793951136
3.8675409150125617,0.0003233386887995758
3.8717803131296074,0.0003151332137388881
3.8760197112466535,0.0003068552624373305
3.880259109363699,0.0002985189332945174
3.8844985074807448,0.0002901384578254465
3.888737905597791,0.0002817281293707088
3.8929773037148365,0.00027330223267374096
3.897216701831882,0.0002648749748420916
3.9014560999489283,0.00025646041818269596
3.905695498065974,0.00024807241536794946
3.9099348961830196,0.00023972454735758002
3.9141742943000657,0.00023143006445922217
3.9184136924171113,0.00022320183087627828
3.922653090534157,0.00021505227304490252
3.926892488651203,0.00020699333202287603
3.9311318867682488,0.00019903642014618627
3.9353712848852944,0.00019119238212844062
3.9396106830023405,0.0001834714607304571
3.943850081119386,0.00017588326708796258
3.948089479236432,0.00016843675574028448
3.952328877353478,0.00016114020436276862
3.9565682754705236,0.00015400119816734014
3.9608076735875692,0.00014702661889757574
3.9650470717046153,0.0001402226383104741
3.969286469821661,0.00013359471600514223
3.973525867938707,0.00012714760142884703
3.9777652660557528,0.00012088533986531584
3.9820046641727984,0.00011481128218619827
3.9862440622898445,0.00010892809812761053
3.99048346040689,0.00010323779283539017
3.994722858523936,9.774172641039552e-5
3.998962256640982,9.244063617432508e-5
4.003201654758027,8.733466136858804e-5
4.007441052875073,8.242336999529296e-5
4.011680450992119,7.77057875072755e-5
4.015919849109165,7.318042705571799e-5
4.020159247226211,6.88453210074616e-5
4.024398645343257,6.469805345083422e-5
4.028638043460303,6.073579341656175e-5
4.032877441577348,5.695532855009731e-5
4.037116839694394,5.335309898619155e-5
4.04135623781144,4.992523118648546e-5
4.0455956359284855,4.6667571519070803e-5
4.049835034045532,4.3575719372225e-5
4.054074432162578,4.0645059613061084e-5
4.058313830279623,3.787079421749414e-5
4.062553228396669,3.524797291786793e-5
4.066792626513715,3.277152272852335e-5
4.07103202463076,3.0436276232696877e-5
4.075271422747806,2.8236998526400946e-5
4.0795108208648525,2.616841273650819e-5
4.083750218981898,2.422522404484269e-5
4.087989617098944,2.2402142166461254e-5
4.09222901521599,2.0693902246694904e-5
4.096468413333035,1.909528415550794e-5
4.100707811450081,1.7601130171932163e-5
4.104947209567127,1.6206361063479842e-5
4.1091866076841725,1.4905990577711824e-5
4.113426005801219,1.3695138374182105e-5
4.117665403918265,1.2569041433969572e-5
4.12190480203531,1.152306399240452e-5
4.126144200152356,1.0552706049532685e-5
4.130383598269402,9.653610517173367e-6
4.134622996386447,8.821569069237048e-6
4.1388623945034935,8.05252676356824e-6
4.14310179262054,7.342585509695007e-6
4.147341190737585,6.688006458492948e-6
4.151580588854631,6.085211389693368e-6
4.155819986971677,5.530783177524687e-6
4.160059385088722,5.021465411925163e-6
4.164298783205768,4.55416125360892e-6
4.168538181322814,4.125931600521232e-6
4.17277757943986,3.73399264023543e-6
4.177016977556906,3.3757128624070307e-6
4.181256375673952,3.0486096023764602e-6
4.185495773790997,2.750345182367755e-6
4.189735171908043,2.4787227181075674e-6
4.193974570025089,2.23168164954898e-6
4.198213968142134,2.0072930567134953e-6
4.2024533662591805,1.8037548131142299e-6
4.206692764376227,1.6193866296796734e-6
4.210932162493273,1.45262503572878e-6
4.215171560610318,1.3020183405913158e-6
4.219410958727364,1.1662216177501204e-6
4.22365035684441,1.0439917464476027e-6
4.227889754961455,9.341825454312058e-7
4.2321291530785015,8.357400289125266e-7
4.236368551195548,7.476978117074498e-7
4.240607949312593,6.691726885141129e-7
4.244847347429639,5.993604077071495e-7
4.249086745546685,5.375316602493525e-7
4.25332614366373,4.830282994642415e-7
4.257565541780776,4.3525980615490706e-7
4.261804939897822,3.9370001261949256e-7
4.266044338014868,3.578840949932695e-7
4.270283736131914,3.2740584460407007e-7
4.27452313424896,3.019152249187154e-7
4.278762532366005,2.811162213393892e-7
4.283001930483051,2.6476498898170275e-7
4.287241328600097,2.526683020188242e-7
4.291480726717142,2.4468230951351505e-7
4.2957201248341885,2.4071159909766493e-7
